Nation,Region,Recognition,Address,Website
Absentee-Shawnee Tribe of Indians of Oklahoma,Southern Plains,Federal,"2025 S. Gordon Cooper Drive, Shawnee, OK74801-9005",http://www.astribe.com
Agdaagux Tribe of King Cove,Alaska,Federal,"PO Box 249, King Cove, AK99612-0249",
Agua Caliente Band of Cahuilla Indians,Pacific,Federal,"5401 Dinah Shore Dr, Palm Springs, CA92264-5970",http://www.aguacaliente.org
Ak-Chin Indian Community,Western,Federal,"42507 W Peters and Nall Road, Maricopa, AZ85138-3940",http://www.ak-chin.nsn.us
Akiachak Native Community (IRA),Alaska,Federal,"PO Box 70, Akiachak, AK99551-0070",
Akiak Native Community (IRA),Alaska,Federal,"PO Box 52127, Akiak, AK99552-0127",
Alabama-Coushatta Tribe of Texas,Southern Plains,Federal,"571 State Park Road 56, Livingston, TX77351-4540",http://www.alabama-coushatta.com
Alabama-Quassarte Tribal Town,Eastern Oklahoma,Federal,"PO Box 187, Wetumka, OK74883-0187",http://www.alabama-quassarte.org
Alatna Village,Alaska,Federal,"PO Box 70, Allakaket, AK99720-0070",
Aleut Community of St. Paul Island,Alaska,Federal,"PO Box 86, Saint Paul Island, AK99660-0086",http://www.apiai.org/tribes/st-paul/
Algaaciq Native Village,Alaska,Federal,"PO Box 48, St. Mary's, AK99658",
Allakaket Village,Alaska,Federal,"PO Box 30, Allakaket, AK99720-0050",
Alturas Rancheria,Pacific,Federal,"PO Box 340, Alturas, CA96101-0340",
Angoon Community Association,Alaska,Federal,"PO Box 328, Angoon, AK99820-0328",
Aniak Traditional Council,Alaska,Federal,"PO Box 349, Aniak, AK99557-0349",
Anvik Traditional Council,Alaska,Federal,"PO Box 10, Anvik, AK99558-0010",http://anviktribalcouncil.com
Apache Tribe of Oklahoma,Southern Plains,Federal,"PO Box 1330, Anadarko, OK73005-1220",http://www.apachetribe.org
Arctic Village,Alaska,Federal,"PO Box 22079, Arctic Village, AK99722",
Aroostook Band of Micmacs,Northeast,Federal,"7 Northern Rd, Presque Isle, ME04769-2027",http://micmac-nsn.gov/
Asa'carsarmiut Tribe,Alaska,Federal,"PO Box 32249, Mountain Village, AK99632-0249",
Atmautluak Traditional Council,Alaska,Federal,"PO Box 6568, Atmautluak, AK99559-6568",
Atqasuk Village,Alaska,Federal,"PO Box 91108, Atqasuk, AK99791-0108",
Augustine Band of Cahuilla Indians,Pacific,Federal,"PO Box 846, Coachella, CA92236-0846",http://www.augustinetribe.org
Bad River Band of the Lake Superior Tribe,Midwest,Federal,"PO Box 39, Odanah, WI54861-0039",http://www.badriver-nsn.gov
Barona Band of Mission Indians,Pacific,Federal,"1095 Barona Rd, Lakeside, CA92040-1541",http://www.baronatribe.org
Battle Mountain Band (Te-Moak Tribe of Western Shoshone Indians of Nevada,Western,Federal,"37 Mountain View Drive, Battle Mountain, NV89820-3611",http://www.temoaktribe.com
Bay Mills Indian Community of Michigan,Midwest,Federal,"12140 W Lakeshore Drive, Brimley, MI49715-9319",http://www.baymills.org
Bear River Band of Rohnerville Rancheria,Pacific,Federal,"266 Keisner Rd, Loleta, CA95551-9646",http://www.brb-nsn.gov
Beaver Village Council,Alaska,Federal,"PO Box 24029, Beaver, AK99724-0029",
Benton Paiute - U-tu Utu Gwaitu Paiute Tribe,Pacific,Federal,"25669 Highway 6, PMB 1, Benton, CA93512-9703",http://www.bentonpaiutereservation.org
Berry Creek Rancheria of Maidu Indians of California,Pacific,Federal,"5 Tyme Way, Oroville, CA95966-9115",
Big Lagoon Rancheria,Pacific,Federal,"PO Box 3060, Trinidad, CA95570-3060",
Big Pine Paiute Tribe of the Owens Valley,Pacific,Federal,"PO Box 700, Big Pine, CA93513-0700",http://www.bigpinepaiute.org
Big Sandy Rancheria,Pacific,Federal,"PO Box 337, Auberry, CA93602-0337",http://www.bigsandyrancheria.com
Big Valley Rancheria,Pacific,Federal,"2726 Mission Rancheria Rd, Lakeport, CA95453-9612",http://www.bvrancheria.com
Birch Creek Tribal Council,Alaska,Federal,"PO Box 71372, Fort Yukon, AK99701",
Bishop Paiute Tribe,Pacific,Federal,"50 N Tu Su Ln, Bishop, CA93514-8058",http://www.bishoppaiutetribe.com
Blackfeet Nation,Rocky Mountain,Federal,"PO Box 850, Browning, MT59417-0850",http://www.blackfeetnation.com
Blue Lake Rancheria,Pacific,Federal,"PO Box 428, Blue Lake, CA95525-0314",http://www.bluelakerancheria-nsn.gov
Bois Forte Band of Chippewa,Midwest,Federal,"15344 Lakeshore Dr., Nett Lake, MN55772-0016",http://www.boisforte.com
Bridgeport Paiute Indian Colony,Pacific,Federal,"PO Box 37, Bridgeport, CA93517-0037",http://www.bridgeportindiancolony.com
Buena Vista Rancheria of Me-Wuk Indians,Pacific,Federal,"1418 20th Street, Suite 200, Sacramento, CA95811-5206",http://bvrmewuk.wixsite.com/me-wuk
Burns Paiute Tribe,Northwest,Federal,"100 Pasigo Street, Burns, OR97720-2442",http://www.burnspaiute-nsn.gov
Cabazon Band of Mission Indians,Pacific,Federal,"84-245 Indio Springs Parkway, Indio, CA92203-",
Cachil Dehe Band of Wintun Indians of the Colusa Indian Rancheria,Pacific,Federal,"3730 State Highway 45, Colusa, CA95932-4022",http://www.colusa-nsn.gov
Caddo Indian Tribe of Oklahoma,Southern Plains,Federal,"PO Box 487, Binger, OK73009-0487",http://www.caddonation-nsn.gov
Cahto Tribe of the Laytonville Rancheria,Pacific,Federal,"PO Box 1239, Laytonville, CA95454-1239",http://www.cahto.org
Cahuilla Band of Mission Indians of the Cahuilla Reservation,Pacific,Federal,"PO Box 391760, Anza, CA92539-1760",http://cahuilla.net/index.html
California Valley Miwok Tribe,Pacific,Federal,"14807 Avenida Central, LaGrange, CA95329-9400",http://californiavalleymiwok.us
Campo Band of Mission Indians,Pacific,Federal,"36190 Church Rd Ste 1, Campo, CA91906-2732",http://www.campo-nsn.gov
Carson Colony (Washoe Tribes of Nevada & California),Pacific,Federal,"2900 South Curry Street, Carson City, NV89703",https://www.washoetribe.us
Catawba Indian Nation,Southeast,Federal,"996 Avenue of Nations, Rock Hill, SC",http://www.catawbaindian.net
Cayuga Nation of Indians,Northeast,Federal,"PO Box 803, Seneca Falls , NY13148",http://www.cayuganation-nsn.gov
Cedarville Rancheria,Pacific,Federal,"300 W 1st St, Alturas, CA96101-3905",http://www.citlink.net/~cedranch/Cedarville_Rancheria/Welcome.html
Central Council Tlingit & Haida Indian Tribes of Alaska,Alaska,Federal,"320 W Willoughby Ave Ste 300, Juneau, AK99801-1772",http://www.ccthita.org
Chalkyitsik Village,Alaska,Federal,"PO Box 57, Chalkyitsik, AK99788-0057",
Chappaquiddick Tribe of the Wampanoag Nation,Northeast,State,"P.O. Box 2659, Edgartown , MA02539",https://chappaquiddickwampanoag.org/
Cheesh-Na Tribal Council,Alaska,Federal,"HC1 Box 217, Gakona, AK99586-9707",
Chemehuevi Tribe,Western,Federal,"PO Box 1976, Havsau Lake, CA92363",http://www.chemehuevi.net
Cher-Ae Heights Indian Community of the Trinidad Rancheria,Pacific,Federal,"PO Box 630, Trinidad, CA95570-0630",http://www.trinidad-rancheria.org
Cher-O-Creek Intra Tribal Indians,Southeast,State,"1315 Northfield Circle, Dothan, AL36303",
Cheroenhaka (Nottoway) Indian Tribe,Southeast,State,"P.O. Box 397, Courtland, VA23837",https://cheroenhaka-nottoway.org/home.htm
Cherokee Nation,Eastern Oklahoma,Federal,"PO Box 948, Tahlequah, OK74465-0948",http://www.cherokee.org
Cherokee Tribe of Northeast Alabama,Southeast,State,"PO Box 876, Pinson , AL35126",https://cherokeetribeofnortheastalabama.org/
Cherokees of Southeast Alabama,Southeast,State,"PO Box 36302, Dothan, AL",
Chevak Native Village,Alaska,Federal,"PO Box 140, Chevak, AK99563-0140",
Cheyenne Arapaho Tribes of Oklahoma,Southern Plains,Federal,"PO Box 167 - 100 Red Moon Circle, Concho, OK73022-0038",https://www.c-a-tribes.org/
Cheyenne River Sioux Tribe,Great Plains,Federal,"PO Box 590, Eagle Butte, SD57625-0590",http://www.sioux.org
Chickahominy Indian Tribe,Northeast,State,"8200 Lott Cary Road, Providence Forge , VA23030",http://www.chickahominytribe.org
Chickaloon Native Village,Alaska,Federal,"PO Box 1105, Chickaloon, AK99674-1105",http://www.chickaloon.org
Chickasaw Nation,Eastern Oklahoma,Federal,"PO Box 1548, Ada, OK74821-1548",http://www.chickasaw.net
Chicken Ranch Rancheria of Me-Wuk Indians of California,Pacific,Federal,"PO Box 1159, Jamestown, CA95327-1159",
Chignik Bay Tribal Council,Alaska,Federal,"P.O. Box 11, Chignik Bay, AK99564",
Chignik Lake Village Council,Alaska,Federal,"PO Box 33, Chignik Lake, AK99548",http://www.chigniklagoon.net
Chilkat Indian Village (Klukwan)(IRA),Alaska,Federal,"PO Box 2207, Haines, AK99827-0210",http://www.chilkatindianvillage.org
Chilkoot Indian Association (IRA),Alaska,Federal,"PO Box 490, Haines, AK99827-0490",http://chilkoot-nsn.gov
Chinik Eskimo Community (aka Golovin),Alaska,Federal,"PO Box 62020, Golovin, AK99762-6020",http://www.kawerak.org
Chinook Indian Tribe,Northwest,State,"PO Box 368, Bay Center, WA98527-0368",http://www.chinooknation.org
Chippewa Cree Tribe of the Rocky Boy's Reservation,Rocky Mountain,Federal,"96 Clinic Road, Box Elder, MT59521-8849",https://tribalnations.mt.gov/chippewacree
Chitimacha Indian Tribe of Louisiana,Southeast,Federal,"PO Box 661, Charenton, LA70523-0661",http://www.chitimacha.gov
Chitina Traditional Indian Village Council,Alaska,Federal,"PO Box 31, Chitina, AK99566-0031",
Choctaw Nation of Oklahoma,Eastern Oklahoma,Federal,"PO Box 1210, Durant, OK74702-1210",http://www.choctawnation.com
Choctaw-Apache Community of Ebarb,Southeast,State,"PO Box 1428, Zwolle, LA71486-1428",http://www.choctaw-apache.org
Chuloonawick Native Village,Alaska,Federal,"PO Box 245, Emmonak, AK99581-0245",http://www.chuloonawick.org
Circle Native Community (IRA),Alaska,Federal,"PO Box 89, Circle, AK99733-0089",
Citizen Potawatomi Nation,Southern Plains,Federal,"1601 Gordon Cooper Drive, Shawnee, OK74801-9002",http://www.potawatomi.org
Cloverdale Rancheria,Pacific,Federal,"555 S Cloverdale Blvd Ste A, Cloverdale, CA95425-4020",http://www.cloverdalerancheria.com
Cocopah Tribe of Arizona,Western,Federal,"County 15th & Avenue G, Somerton, AZ85350",http://www.cocopah.com
Coeur d'Alene Tribe,Northwest,Federal,"PO Box 408, Plummer, ID83851-0408",http://www.cdatribe-nsn.gov
"Coharie Intra-Tribal Council, Inc.",Southeast,State,"7531 N US 421 Hwy, Clinton, NC28328-7971",http://www.coharietribe.org
Cold Springs Rancheria,Pacific,Federal,"PO Box 209, Tollhouse, CA93667-0209",
Colorado River Indian Tribe,Western,Federal,"26600 Mohave Road, Parker, AZ85344-7737",http://www.crit-nsn.gov
Comanche Nation,Southern Plains,Federal,"584 NW Bingo Road, Lawton, OK73507",http://www.comanchenation.com
Confederated Salish & Kootenai Tribes of the Flathead Nation,Northwest,Federal,"PO Box 278, Pablo, MT59855-0278",http://www.cskt.org
Confederated Tribes and Bands of the Yakama Nation,Northwest,Federal,"PO Box 151, Toppenish, WA98948-0151",http://www.yakamanation-nsn.gov
Confederated Tribes of Chehalis Reservation,Northwest,Federal,"PO Box 536, Oakville, WA98568-0536",http://www.chehalistribe.org
Confederated Tribes of Colville Reservation,Northwest,Federal,"PO Box 150, Nespelem, WA99155-0150",http://www.colvilletribes.com
"Confederated Tribes of Coos, Lower Umpqua and Siuslaw Indians",Northwest,Federal,"1245 Fulton Avenue, Coos Bay, OR97420-2895",http://www.ctclusi.org
Confederated Tribes of Grand Ronde Community of Oregon,Northwest,Federal,"9615 Grand Ronde Road, Grand Ronde, OR97347-9712",http://www.grandronde.org
Confederated Tribes of Siletz Reservation,Northwest,Federal,"PO Box 549, Siletz, OR97380-0549",http://www.ctsi.nsn.us
Confederated Tribes of the Goshute Reservation,Western,Federal,"PO Box 6104, Ibapah, UT84034",http://www.goshutetribe.com
Confederated Tribes of the Umatilla Indian Reservation,Northwest,Federal,"46411 Timine Way, Pendleton, OR97801-9467",http://www.umatilla.nsn.us
Confederated Tribes of Warm Springs Reservation of Oregon,Northwest,Federal,"PO Box C/1233 Veteran's Street, Warm Springs, OR97761-3001",http://warmsprings-nsn.gov/
Coquille Tribe,Northwest,Federal,"3050 Tremont Street, North Bend, OR97459-3059",http://www.coquilletribe.org
Cortina Band of Wintun Indians,Pacific,Federal,"PO Box 1630, Williams, CA95987-1630",
Coushatta Indian Tribe of Louisiana,Southeast,Federal,"PO Box 10, Elton, LA70532-0818",http://www.koasatiheritage.org
Cow Creek Band of Umpqua Tribe of Indians,Northwest,Federal,"2371 NE Stephens Street,  Suite 100, Roseburg, OR97470-1338",http://www.cowcreek.com
Cowlitz Indian Tribe,Northwest,Federal,"PO Box 2547, Longview, WA98632-8594",http://www.cowlitz.org
Coyote Valley Band of Pomo Indians,Pacific,Federal,"PO Box 39, Redwood Valley, CA95470-0039",http://coyotevalleytribe.org
Craig Community Association (IRA),Alaska,Federal,"PO Box 828, Craig, AK99921-0828",http://www.craigtribe.org
Crow Creek Sioux Tribe,Great Plains,Federal,"PO Box 50, Fort Thompson, SD57339-0050",http://sdtribalrelations.com
Crow Nation,Rocky Mountain,Federal,"PO Box 159 - Bacheeitche Avenue, Crow Agency, MT59022-0159",http://www.crow-nsn.gov
Curyung Tribal Council,Alaska,Federal,"PO Box 216, Dillingham, AK99576-0216",http://www.curyungtribe.com
Delaware Nation,Southern Plains,Federal,"PO Box 825, Anadarko, OK73005-0825",http://www.delawarenation.com
Delaware Tribe of Indians,Eastern Oklahoma,Federal,"5100 Tuxedo Boulevard, Bartlesville, OK74006-",http://www.delawaretribe.org
Douglas Indian Association (IRA),Alaska,Federal,"811 W. 12th Street, Juneau, AK99801-1854",
Dresslerville Colony (Washoe Tribes of Nevada & California),Pacific,Federal,"919 Highwway 395 South, Gardnerville, NV89410",https://www.washoetribe.us/contents/
Dry Creek Rancheria Band of Pomo Indians,Pacific,Federal,"PO Box 607, Geyserville, CA95441-0607",http://www.drycreekrancheria.com
Duckwater Shoshone Tribe of the Duckwater Reservation,Western,Federal,"PO Box 140068, Duckwater, NV89314-0068",http://www.duckwatertribe.org
Eastern Band of Cherokee Indians,Southeast,Federal,"PO Box 455, Cherokee, NC28719-0455",https://ebci.com/
Eastern Pequot Tribal Nation,Northeast,State,"391 Norwich- Westerly Road, North Stonington , CT06359",
Eastern Shawnee Tribe of Oklahoma,Eastern Oklahoma,Federal,"12755 S 705 Rd, Wyandotte, OK74370-3148",https://estoo-nsn.gov/
Eastern Shoshone Tribe of Wind River Indian Reservation,Rocky Mountain,Federal,"PO Box 538, Fort Washakie, WY82514-0538",https://easternshoshone.org/
Echota Cherokee Tribe of Alabama,Southeast,State,"P.O. Box 479, Falkville , AL35622",https://echotacherokee.org/index.html
Edzeno' Native Village Council,Alaska,Federal,"PO Box 9105, Nikolai, AK99691-0005",
Egegik Village,Alaska,Federal,"PO Box 29, Egegik, AK99579-0029",
Eklutna Native Village,Alaska,Federal,"26339 Eklutna Village Road, Chugiak, AK99567-6339",http://eklutna-nsn.gov
Ekwok Village,Alaska,Federal,"PO Box 70, Ekwok, AK99580-0070",
Elem Indian Colony,Pacific,Federal,"PO Box 757, Lower Lake, CA95457",http://www.elemindiancolony.org/home
Elk Valley Rancheria,Pacific,Federal,"2332 Howland Hill Road, Crescent City, CA95531-9238",http://www.elk-valley.com
Elko Band Council (Te-Moak Tribe of Western Shoshone Indians of Nevada),Western,Federal,"1745 Silver Eagle Drive, Elko, NV89801-5085",http://www.elkobandcouncil.com
Ely Shoshone Tribe of Nevada,Western,Federal,"16 Shoshone Circle, Ely, NV89301-2055",
Emmonak Village,Alaska,Federal,"PO Box 126, Emmonak, AK99581-0126",
Enterprise Rancheria Estom Yumeka Maidu Tribe,Pacific,Federal,"2133 Monte Vista Ave, Oroville, CA95966-6968",http://www.enterpriserancheria.org
Evansville Village (aka Bettles Field),Alaska,Federal,"PO Box 26087, Bettles Field, AK99726-0087",
Ewiiaapaayp Band of Kumeyaay Indians,Pacific,Federal,"4054 Willows Road, Alpine, CA91901-1620",http://www.sctca.net/ewiiaapaayp-band-kumeyaay-indians
Federated Indians of Graton Rancheria,Pacific,Federal,"6400 Redwood Drive, Suite 300, Rohnert Park, CA94928-2341",http://www.gratonrancheria.com
Flandreau Santee Sioux Tribe,Great Plains,Federal,"603 W, Broad Avenue/P.O. Box 283, Flandreau, SD57028-0283",http://www.santeesioux.com
Fond du Lac Reservation Business Committee,Midwest,Federal,"1720 Big Lake Road, Cloquet, MN55720-9702",http://www.fdlrez.com
Forest County Potawatomi Community,Midwest,Federal,"PO Box 340, Crandon, WI54520-0340",http://www.fcpotawatomi.com
Fort Belknap Tribe,Rocky Mountain,Federal,"656 Agency Main Street, Harlem, MT59526-9455",https://ftbelknap.org/
Fort Bidwell Paiute Indian Reservation,Pacific,Federal,"PO Box 129, Fort Bidwell, CA96112-0129",
Fort Independence Indian Reservation,Pacific,Federal,"PO Box 67, Independence, CA93526-0067",http://www.fortindependence.com
Fort McDermitt Paiute and Shoshone Tribes,Western,Federal,"PO Box 457, Mc Dermitt, NV89421-0457",
Fort McDowell Yavapai Nation,Western,Federal,"PO Box 17779, Fountain Hills, AZ85269-7779",http://www.fmyn.org
"Fort Mojave Indian Tribe of Arizona, California & Nevada",Western,Federal,"500 Merriman Avenue, Needles, CA92363-2229",http://www.mojaveindiantribe.com
Fort Peck Tribes of Assiniboine and Sioux Tribes,Rocky Mountain,Federal,"PO Box 1027, Poplar, MT59255-1027",http://www.fortpecktribes.org
Fort Sill Apache Tribe of Oklahoma,Southern Plains,Federal,"43187 US HIGHWAY 281, Apache, OK73006-8038",http://fortsillapache-nsn.gov
"Four Winds Tribe, Louisiana Cherokee",Southeast,State,"PO Box 453, Rosepine , LA70659",https://www.fourwindscherokee.com/
Galena Village aka Louden Village,Alaska,Federal,"PO Box 244, Galena, AK99741-0244",
Georgia Tribe of Eastern Cherokee,Southeast,State,"P.O. Box 1915, Cumming, GA30028",http://www.georgiatribeofeasterncherokee.com
Gila River Indian Community,Western,Federal,"PO Box 97, Sacaton, AZ85147-0001",http://www.gilariver.org
Grand Portage Reservation Tribal Council,Midwest,Federal,"PO Box 428, Grand Portage, MN55605-0428",http://www.grandportage.com
Grand Traverse Band of Ottawa and Chippewa Indians,Midwest,Federal,"2605 NW  Bayshore Drive, Peshawbestown, MI49682-9637",http://www.gtbindians.org
Greenville Rancheria,Pacific,Federal,"PO Box 279, Greenville, CA95947-0279",http://www.greenvillerancheria.com
Grindstone Indian Rancheria,Pacific,Federal,"PO Box 63, Elk Creek, CA95939-0063",
Guidiville Indian Rancheria,Pacific,Federal,"PO Box 339, Talmage, CA95481-0339",
Gulkana Village,Alaska,Federal,"PO Box 254, Gulkana,, AK99586-0254",
Gwichyaa Zhee Gwichi'in Tribal Government - Native Village of Fort Yukon (IRA),Alaska,Federal,"PO Box 126, Fort Yukon, AK99740-0126",http://www.fortyukon.org
Habematolel Pomo of Upper Lake,Pacific,Federal,"PO Box 516, Upper Lake, CA95485-0516",http://www.upperlakepomo.com
Haliwa-Saponi Indian Tribe,Southeast,State,"PO Box 99, Hollister, NC27844-0099",http://www.haliwa-saponi.com
Hannahville Indian Community of Michigan,Midwest,Federal,"N 14911 Hannahville B1 Road, Wilson, MI49896",http://www.hannahville.net
Havasupai Tribe,Western,Federal,"PO Box 10, Supai, AZ86435-0010",http://www.havasupaitribe.com
Herring Pond Wampanoag Tribe,Northeast,State,"128 Herring Pond Road, Plymouth, MA02360",http://www.herringpondtribe.org/
Ho-Chunk Nation,Midwest,Federal,"PO Box 667, Black River Falls, WI54615-0667",http://www.ho-chunknation.com
Hoh Indian Tribe,Northwest,Federal,"PO Box 2196, Forks, WA98331-2196",http://hohtribe-nsn.org
Holy Cross Village,Alaska,Federal,"PO Box 89, Holy Cross, AK99602-0089",
Hoonah Indian Association (IRA),Alaska,Federal,"PO Box 602, Hoonah, AK99829-0602",
Hoopa Valley Tribe,Pacific,Federal,"PO Box 1348, Hoopa, CA95546-1348",http://www.hoopa-nsn.gov
Hopi Tribe,Western,Federal,"PO Box 123, Kykotsmovi, AZ86039-0123",http://www.hopi.nsn.us
Hopland Band of Pomo Indians,Pacific,Federal,"3000 Shanel Road, Hopland, CA95449-9809",http://www.hoplandtribe.com
Houlton Band of Maliseet Indians,Northeast,Federal,"88 Bell Rd, Littleton, ME04730-6704",http://www.maliseets.com
Hualapai Tribe,Western,Federal,"PO Box 179, Peach Springs, AZ86434-0179",http://www.hualapai-nsn.gov
Hughes Village - Hodotl'eekkaakk'e Tribe,Alaska,Federal,"PO Box 45029, Hughes, AK99745-0029",
Huslia Village,Alaska,Federal,"PO Box 70, Huslia, AK99746-0070",
Hydaburg Cooperative Association (IRA),Alaska,Federal,"PO Box 349, Hydaburg, AK99922-0349",http://hydaburgtribe.org
Igiugig Village,Alaska,Federal,"PO Box 4008, Igiugig, AK99613-4008",http://www.igiugig.com
Iipay Nation of Santa Ysabel Band,Pacific,Federal,"PO Box 130, Santa Ysabel, CA92070-0130",www.iipaynation-nsn.com
Inaja-Cosmit Band of Mission Indians,Pacific,Federal,"2005 S Escondido Boulevard, Escondido, CA92025-8207",
Inupiat Community of the Arctic Slope (IRA),Alaska,Federal,"PO Box 934, Barrow, AK99723-0934",http://inupiatgov.com
Ione Band of Miwok Indians,Pacific,Federal,"PO Box 699, Plymouth, CA95669-0699",http://www.ionemiwok.org
Iowa Tribe of Kansas & Nebraska,Southern Plains,Federal,"3345 Thrasher Road, White Cloud, KS66094-4028",http://iowatribeofkansasnebraska.com/
Iowa Tribe of Oklahoma,Southern Plains,Federal,"335588 E 750 Road, Perkins, OK74059-3268",http://www.iowanation.org
Iqurmiut Traditonal Council,Alaska,Federal,"PO Box 09, Russian Mission, AK99657-0009",
Ivanoff Bay Village,Alaska,Federal,"7926 Old Seward Highway, Suite B-5, Anchorage, AK99518-3263",http://ivanofbaytribe.org
Jackson Rancheria,Pacific,Federal,"PO Box 1090, Jackson, CA95642-1090",
Jamestown S'Klallam Tribe,Northwest,Federal,"1033 Old Blyn Highway, Sequim, WA98382-7670",http://www.jamestowntribe.org
Jamul Indian Village,Pacific,Federal,"PO Box 612, Jamul, CA91935-0612",http://www.jamulindianvillage.com
Jena Band of Choctaw Indians,Southeast,Federal,"PO Box 14, Jena, LA71342-0014",
Jicarilla Apache Nation,Southwest,Federal,"PO Box 507, Dulce, NM87528-0507",
Juaneno Band of Mission Indians,Pacific,State,"31411 La Matanza St Ste A, San Juan Capistrano, CA92675-2674",http://www.juaneno.com
Kaguyak Village,Alaska,Federal,"PO Box 5078, Akhiok, AK99615",
Kaibab Band of Paiute Indians,Western,Federal,"HC 65 Box 2, Fredonia, AZ86022-9600",http://www.kaibabpaiute-nsn.gov
Kaktovik Village aka Barter Island,Alaska,Federal,"PO Box 52, Kaktovik, AK99747",
Kalispel Tribe,Northwest,Federal,"PO Box 39, Usk, WA99180-0039",http://www.kalispeltribe.com
Kaltag Tribal Council,Alaska,Federal,"PO Box 129, Kaltag, AK99748-0129",
Karuk Tribe of California,Pacific,Federal,"PO Box 1016, Happy Camp, CA96039-1016",http://www.karuk.us
Kaw Nation,Southern Plains,Federal,"PO Box 50, Kaw City, OK74641-0050",www/kawnation.com
Kenaitze Indian Tribe (IRA),Alaska,Federal,"PO Box 988, Kenai, AK99611-0988",http://www.kenaitze.org
Ketchikan Indian Community,Alaska,Federal,"2960 Tongass Ave, Ketchikan, AK99901-5742",http://www.kictribe.org
Keweenaw Bay Indian Community of Michigan,Midwest,Federal,"107 Bear Town Road, Baraga, MI49908-9210",http://www.kbic-nsn.gov
Kialegee Tribal Town,Eastern Oklahoma,Federal,"PO Box 332, Wetumka, OK74883-0332",http://kialegeetribal.webstarts.com
Kickapoo Traditional Tribe of Texas,Southern Plains,Federal,"Kickapoo Traditional Tribe of Texas, 2212 Rosita Valley Rd, Eagle Pass, TX78852-9752",http://www.texasindians.com
Kickapoo Tribe in Kansas,Southern Plains,Federal,"824 11th Dr, Horton, KS66439-9537",http://www.ktik-nsn.gov
Kickapoo Tribe of Oklahoma,Southern Plains,Federal,"PO Box 70, McLoud, OK74851-0070",http://www.kickapootribeofoklahoma.com
King Island Native Community (IRA),Alaska,Federal,"PO Box 682, Nome, AK99762-0992",
King Salmon Tribe,Alaska,Federal,"PO Box 68, King Salmon, AK99613-0068",
Kiowa Tribe of Oklahoma,Southern Plains,Federal,"PO Box 369, Carnegie, OK73015-0369",http://www.kiowatribe.org
Klamath Tribes,Northwest,Federal,"PO Box 436, Chiloquin, OR97624-0436",http://www.klamathtribes.org
Klawock Cooperative Association,Alaska,Federal,"PO Box 430, Klawock, AK99925-0430",http://www.klawock.org/
Knik Tribe,Alaska,Federal,"PO Box 871565, Wasilla, AK99687-1565",https://kniktribe.org/
Kokhanok Village,Alaska,Federal,"2 Bay Shore Dr, Kokhanok, AK99606-1007",
Kootenai Tribe of Idaho,Northwest,Federal,"PO Box 1269, Bonners Ferry, ID83805-1269",http://www.kootenai.org
Koyukuk Native Village,Alaska,Federal,"PO Box 109, Koyukuk, AK99754",
La Jolla Band of Luiseno Indians,Pacific,Federal,"22003 Highway 76, Pauma Valley, CA92061-9721",http://www.lajollaindians.com
La Posta Band of Mission Indians,Pacific,Federal,"8 Crestwood Rd, Boulevard, CA91905-0220",http://www.lptribe.net
Lac Courte Oreilles Band of Lake Superior Chippewa Indians,Midwest,Federal,"13394 W Trepania Road, Hayward, WI54843-2186",http://www.lco-nsn.gov
Lac du Flambeau Band of Lake Superior Chippewa Indians,Midwest,Federal,"PO Box 67, Lac Du Flambeau, WI54538-0067",http://www.lacduflambeautribe.com
Lac Vieux Desert Band of Lake Superior Chippewa,Midwest,Federal,"PO Box 249, Watersmeet, MI49969-0249",http://www.lvdtribal.com
Las Vegas Paiute Tribe,Western,Federal,"One Paiute Drive, Las Vegas, NV89106-3261",http://www.lvpaiutetribe.com
Leech Lake Band of Ojibwe,Midwest,Federal,"190 Sailstar Dr NE, Cass Lake, MN56633",http://www.llojibwe.org
Lenape Indian Tribe of Delaware,Northeast,State,"4164 N Dupont Hwy Ste 6, Dover, DE19901-1573",http://www.lenapeindiantribeofdelaware.com
Levelock Village Council,Alaska,Federal,"PO Box 70, Levelock, AK99625-0070",
Lime Village,Alaska,Federal,"PO Box LVD, McGrath, AK99627",
Lipan Apache Tribe of Texas,Southern Plains,State,"PO Box 5218, McAllen, TX78502",http://www.lipanapache.org/Communitypages.html
Little River Band of Ottawa Indians,Midwest,Federal,"2608 Government Center Dr, Manistee, MI49660-2729",http://www.lrboi.com
Little Shell Tribe of Chippewa Indians of Montana,Rocky Mountain,State,"615 Central Ave West, Great Falls, MT59404",https://www.montanalittleshelltribe.org/
Little Traverse Bay Bands of Odawa Indians,Midwest,Federal,"7500 Odawa Circle, Harbor Springs, MI49740-9692",http://www.ltbbodawa-nsn.gov
Lone Pine Paiute Shoshone Reservation,Pacific,Federal,"PO Box 747, Lone Pine, CA93545-0747",http://www.lppsr.org
Los Coyotes Band of Cahuilla and Cupeno Indians,Pacific,Federal,"PO Box 189, Warner Springs, CA92086-0189",http://www.loscoyotestribe.com/home2
Lovelock Paiute Tribe,Western,Federal,"PO Box 878, Lovelock, NV89419-0878",http://www.lovelockpaiutetribe.com/
Lower Brule Sioux Tribe,Great Plains,Federal,"187 Oyate Circle, Lower Brule, SD57548-0187",https://www.lowerbrulesiouxtribe.com/
Lower Elwha Klallam Tribe,Northwest,Federal,"2851 Lower Elwha Road, Port Angeles, WA98363-8409",http://www.elwha.org/home.html
Lower Lake Rancheria,Pacific,Federal,"PO Box 3162, Santa Rosa, CA95402-3162",http://www.koination.com
Lower Sioux Indian Community,Midwest,Federal,"PO Box 308, Morton, MN56270-1253",http://www.lowersioux.com
Lumbee Tribe of North Carolina,Southeast,State,"PO Box 2709, Pembroke, NC28372-2709",http://www.lumbeetribe.com
Lummi Nation,Northwest,Federal,"2665 Kwina Rd, Bellingham, WA98226-9291",http://www.lummi-nsn.gov
Lytton Rancheria of California,Pacific,Federal,"437 Aviation Boulevard, Santa Rosa, CA95403",
Ma-Chis Lower Creek Indian Tribe of Alabama,Southeast,State,"2950 County Road 377, Elba, AL36323",http://www.machistribe.com
Makah Indian Tribe,Northwest,Federal,"PO Box 115, Neah Bay, WA98357-0115",http://www.makah.com
Manchester Point Arena Band of Pomo Indians,Pacific,Federal,"PO Box 623, Point Arena, CA95468-0623",
Manley Hot Springs Village,Alaska,Federal,"PO Box 105, Manley Hot Springs, AK99756-0105",
Manokotak Village,Alaska,Federal,"PO Box 169, Manokotak, AK99628-0169",
Manzanita Band of Kumeyaay Nation,Pacific,Federal,"PO Box 1302, Boulevard, CA91905-0402",
Mashantucket Pequot Tribe,Northeast,Federal,"PO Box 3060, Mashantucket, CT06338-3060",https://www.mptn-nsn.gov/default.aspx
Mashpee Wampanoag Tribe,Northeast,Federal,"483 Great Neck Rd S, Mashpee, MA02649-3707",https://mashpeewampanoagtribe-nsn.gov/
Match-E-Be-Nash-She-Wish Band of Pottawatomi Indians,Midwest,Federal,"2872 Mission Drive, Shelbyville, MI49344",http://www.mbpi.org
McGrath Native Village,Alaska,Federal,"PO Box 134, Mc Grath, AK99627-0134",
Mechoopda Indian Tribe of Chico Rancheria,Pacific,Federal,"125 Mission Ranch Boulevard, Chico, CA95926-2175",http://www.mechoopda-nsn.gov
Mendas Cha-Ag Tribe of Healy Lake,Alaska,Federal,"600 University Avenue, Suite 100, Fairbanks, AK99709",www.healylake.org
Menominee Indian Tribe of Wisconsin,Midwest,Federal,"PO Box 910, Keshena, WI54135-0910",http://www.menominee-nsn.gov
Mentasta Lake Traditional Council,Alaska,Federal,"PO Box 6019, Mentasta Lake, AK99780-6019",
Mesa Grande Band of Mission Indians,Pacific,Federal,"PO Box 270, Santa Ysabel, CA92070-0270",http://mesagrandeband-nsn.gov/
Mescalero Apache Tribe,Southwest,Federal,"PO Box 227, Mescalero, NM88340-0227",http://www.mescaleroapachetribe.com
"Metlakatla Indian Community, Annette Island Reserve",Alaska,Federal,"PO Box 8, Metlakatla, AK99926-0008",http://www.metlakatla.com
Miami Tribe of Oklahoma,Eastern Oklahoma,Federal,"PO Box 1326, Miami, OK74355-1326",http://www.miamination.com
Miccosukee Indian Tribe of Florida,Southeast,Federal,"PO Box 440021, Miami, FL33144-0021",http://www.miccosukeetribe.com
Middletown Rancheria,Pacific,Federal,"PO Box 1035, Middletown, CA95461-1035",http://www.middletownrancheria-nsn.gov/
Mille Lacs Band of Ojibwe,Midwest,Federal,"43408 Oodena Dr, Onamia, MN56359-2236",http://millelacsband.com/
Minnesota Chippewa Tribe,Midwest,Federal,"PO Box 217, Cass Lake, MN56633-0217",http://www.mnchippewatribe.org
Mississippi Band of Choctaw Indians,Southeast,Federal,"101 Industrial Road, Choctaw, MS39350-6090",http://www.choctaw.org
Moapa Band of Paiutes,Western,Federal,"PO Box 340, Moapa, NV89025-0340",http://www.moapapaiutes.com
Modoc Tribe of Oklahoma,Eastern Oklahoma,Federal,"22 N. Eighth Tribes Trail, Miami, OK74354-8224",http://www.modoctribe.net
Mohegan Indian Tribe,Northeast,Federal,"13 Crow Hill Road, Uncasville, CT06382-1118",http://www.mohegan.nsn.us
Monacan Indian Nation,Southeast,Federal,"111 Highview Drive, Madison Heights, VA24572",http://www.monacannation.com
Mooretown Rancheria,Pacific,Federal,"1 Alverda Drive, Oroville, CA95966-9379",
Morongo Band of Mission Indians,Pacific,Federal,"12700 Pumarra Rd, Banning, CA92220-6977",http://www.morongonation.org
Mowa Band of Choctaw Indians,Southeast,State,"1080 W Red Fox Road, Mt. Vernon, AL",http://www.mowa-choctaw.com
Muckleshoot Indian Tribe,Northwest,Federal,"39015 172nd Avenue SE, Auburn, WA98092-9763",http://www.muckleshoot.nsn.us
Muscogee (Creek) Nation,Eastern Oklahoma,Federal,"PO Box 580 Hwy.75 & Loop 56, Okmulgee, OK74447-0580",http://www.muscogeenation-nsn.gov
Naknek Native Village,Alaska,Federal,"PO Box 210, Naknek, AK99633-0106",
Nansemond Tribe,Northeast,Federal,"1001 Pembroke Lane, Suffolk, VA 23434",http://www.nansemond.org
"Nanticoke Indian Association, Inc.",Northeast,State,"27073 John J Williams Hwy, Millsboro, DE19966-4642",http://www.nanticokeindians.org/
Nanticoke-Lenni Lenape Tribal Nation,Northeast,State,"18 E Commerce St, Bridgeton, NJ08302-2649",http://nanticoke-lenapetribalnation.org/
Narragansett Indian Tribe,Northeast,Federal,"PO Box 268, Charlestown, RI02813-0268",http://narragansettindiannation.org/
Native Village of Afognak,Alaska,Federal,"323 Carolyn Street, Kodiak, AK99615",http://www.afognak.org
Native Village of Akhiok,Alaska,Federal,"PO Box 5030, Akhiok, AK99615-5030",
Native Village of Akutan,Alaska,Federal,"PO Box 89, Akutan, AK99553-0089",
Native Village of Aleknagik,Alaska,Federal,"PO Box 115, Aleknagik, AK99555-0115",http://www.bbna.com
Native Village of Ambler,Alaska,Federal,"PO Box 47, Ambler, AK99786-0047",
Native Village of Atka,Alaska,Federal,"PO Box 47030, Atka, AK99547-0030",
Native Village of Barrow Inupiat Traditional Government,Alaska,Federal,"PO Box 1130, Barrow, AK99723-1130",http://www.nvbarrow.com/
Native Village of Belkofski,Alaska,Federal,"PO Box 57, King Cove, AK99612-0057",
Native Village of Brevig Mission,Alaska,Federal,"PO Box 85039, Brevig Mission, AK99785-0039",
Native Village of Buckland (IRA),Alaska,Federal,"PO Box 67, Buckland, AK99727-0067",
Native Village of Cantwell,Alaska,Federal,"PO Box 94, Cantwell, AK99729-0094",
Native Village of Chenega aka Chanega,Alaska,Federal,"PO Box 8079, Chenega Bay, AK99574-8079",
Native Village of Chignik Lagoon,Alaska,Federal,"PO Box 09, Chignik Lagoon, AK99565",http://www.chigniklagoon.net/index.html
Native Village of Chignik Lagoon Council,Alaska,Federal,"PO Box 09, Chignik Lagoon, AK99565",http://www.chigniklagoon.net/
"Native Village of Chuathbaluk (Russian Mission, Kuskokwim)",Alaska,Federal,"PO Box CHU, Chuathbaluk, AK99557-8999",
Native Village of Council,Alaska,Federal,"PO Box 2050, Nome, AK99762-2050",http://www.kawerak.org
Native Village of Crooked Creek,Alaska,Federal,"PO Box 69, Crooked Creek, AK99575-0069",
Native Village of Deering,Alaska,Federal,"PO Box 36089, Deering, AK99736-0089",
Native Village of Diomede (IRA) (aka Inalik),Alaska,Federal,"PO Box 7079, Diomede, AK99762-7079",
Native Village of Eagle,Alaska,Federal,"PO Box 19, Eagle, AK99738-0019",
Native Village of Eek,Alaska,Federal,"PO Box 89, Eek, AK99578-0089",
Native Village of Eklutna,Alaska,Federal,"26339 Eklutna Village Rd, Chugiak, AK99567-5148",http://www.eklutna-nsn.gov
Native Village of Ekuk,Alaska,Federal,"PO Box 530, Dillingham, AK99576-0530",
Native Village of Ekwok,Alaska,Federal,"PO Box 70, Ekwok, AK99580",
Native Village of Elim (IRA),Alaska,Federal,"PO Box 39070, Elim, AK99739-0070",
Native Village of Eyak (Cordova),Alaska,Federal,"PO Box 1388, Cordova, AK99574-1388",http://nveyak.com/
Native Village of False Pass,Alaska,Federal,"PO Box 29, False Pass, AK99583-0029",
Native Village of Gakona,Alaska,Federal,"PO Box 102, Gakona, AK99586-0102",http://www.nvgakona.com
Native Village of Gambell,IRA,Federal,"PO Box 90, Gambell, AK99742-0090",
Native Village of Georgetown,Alaska,Federal,"5313 Arctic Blvd, Suite 104, Anchorage, AK99518-1111",http://www.georgetowntc.com
Native Village of Goodnews Bay,Alaska,Federal,"PO Box 138, Goodnews Bay, AK99589-0138",
Native Village of Hamilton,Alaska,Federal,"PO Box 20248, Kotlik, AK99620-0248",
Native Village of Hooper Bay,Alaska,Federal,"PO Box 69, Hooper Bay, AK99604-0069",
Native Village of Kanatak (IRA),Alaska,Federal,"PO Box 876822, Wasilla, AK99687-2231",http://www.kanatak.com/
Native Village of Karluk (IRA),Alaska,Federal,"PO Box 22, Karluk, AK99608-0022",
Native Village of Kasigluk,Alaska,Federal,"PO Box 19, Kasigluk, AK99609-0019",
Native Village of Kiana,Alaska,Federal,"PO Box 69, Kiana, AK99749-0069",
Native Village of Kipnuk,Alaska,Federal,"PO Box 57, Kipnuk, AK99614-0057",
Native Village of Kivalina (IRA),Alaska,Federal,"PO Box 50051, Kivalina, AK99750",
Native Village of Kluti-Kaah (aka Copper Center),Alaska,Federal,"PO Box 68, Copper Center, AK99573-0068",http://www.klutikaah.com/
Native Village of Kobuk,Alaska,Federal,"PO Box 51039, Kobuk, AK99751-0039",
Native Village of Kongiganak,Alaska,Federal,"PO Box 5069, Kongiganak, AK99559-5069",
Native Village of Kotzebue (IRA),Alaska,Federal,"PO Box 296, Kotzebue, AK99752-0296",http://www.kotzebueira.org/
Native Village of Koyuk (IRA),Alaska,Federal,"PO Box 53030, Koyuk, AK99753-0030",
Native Village of Kwigillingok ( IRA),Alaska,Federal,"PO Box 90, Kwigillingok, AK99622-0049",
Native Village of Kwinhagak (IRA),Alaska,Federal,"PO Box 149, Quinhagak, AK99655-0149",
Native Village of Larsen Bay,Alaska,Federal,"PO Box 50, Larsen Bay, AK99624-0050",
Native Village of Marshall (aka Fortuna Ledge),Alaska,Federal,"PO Box 110, Marshall, AK99585-0110",
Native Village of Mary's Igloo,Alaska,Federal,"PO Box 546, Teller, AK99778-0629",
Native Village of Mekoryuk (IRA),Alaska,Federal,"PO Box 66, Mekoryuk, AK99630-0066",http://www.mekoryuktc.org/
Native Village of Minto,Alaska,Federal,"PO Box 58026, Minto, AK99758-0026",
Native Village of Nanwalek (aka English Bay),Alaska,Federal,"PO Box 8028, Nanwalek, AK99603-6628",
Native Village of Napaimute,Alaska,Federal,"2920 Hogan Bay Circle, Anchorage, AK99515",
Native Village of Napakiak (IRA),Alaska,Federal,"PO Box 34069, Napakiak, AK99634-0069",
Native Village of Napaskiak,Alaska,Federal,"PO Box 6009, Napaskiak, AK99559-6009",
Native Village of Nelson Lagoon,Alaska,Federal,"PO Box 913, Nelson Lagoon, AK99571-0013",
Native Village of Nightmute,Alaska,Federal,"PO Box 90021, Nightmute, AK99690-0021",
Native Village of Nikolski (IRA),Alaska,Federal,"PO Box 105, Nikolski, AK99638",
Native Village of Noatak (IRA),Alaska,Federal,"PO Box 89, Noatak, AK99761-0089",
Native Village of Noorvik (IRA),Alaska,Federal,"PO Box 209, Noorvik, AK99763-0209",
Native Village of Nuiqsut (aka Nooiksut),Alaska,Federal,"PO Box 89169, Nuiqsut, AK99789",
Native Village of Nunapitchuk (IRA),Alaska,Federal,"PO Box 130, Nunapitchuk, AK99641-0130",
Native Village of Ouzinkie,Alaska,Federal,"PO Box 130, Ouzinkie, AK99644-0130",
Native Village of Paimiut,Alaska,Federal,"PO Box 240084, Anchorage, AK99524",
Native Village of Perryville,Alaska,Federal,"PO Box 89, Perryville, AK99648-0089",
Native Village of Pitka's Point,Alaska,Federal,"PO Box 127, St. Mary's, AK99658",
Native Village of Point Hope (IRA),Alaska,Federal,"PO Box 109, Point Hope, AK99766-0109",
Native Village of Point Lay,Alaska,Federal,"PO Box 59031, Point Lay, AK99759-0031",
Native Village of Port Heiden,Alaska,Federal,"PO Box 49007, Port Heiden, AK99549-0007",
Native Village of Port Lions,Alaska,Federal,"PO Box 69, Port Lions, AK99550-0069",
Native Village of Saint. Michael (IRA),Alaska,Federal,"PO Box 59050, Saint Michael, AK99659-0050",
Native Village of Savoonga (IRA),Alaska,Federal,"PO Box 120, Savoonga, AK99769-0120",
Native Village of Selawik,Alaska,Federal,"PO Box 59, 95 North Tundra St, Selawik, AK99770-0059",
Native Village of Shaktoolik (IRA),Alaska,Federal,"PO Box 100, Shaktoolik, AK99771-0100",
Native Village of Sheldon Point - Nunam Iqua Tribal Council,Alaska,Federal,"PO Box 27, Sheldon's Point, AK99666-0027",
Native Village of Shishmaref (IRA),Alaska,Federal,"PO Box 72110, Shishmaref, AK99772-2110",
Native Village of Shungnak (IRA),Alaska,Federal,"PO Box 64, Shungnak, AK99773",
Native Village of South Naknek,Alaska,Federal,"2521 East Mountain Village Dr Suite B. PMB 388, Wasilla, AK99654",
Native Village of Stevens (IRA),Alaska,Federal,"PO Box 74016, Stevens Village, AK99774-0012",
Native Village of Tanacross,Alaska,Federal,"PO Box 76009, Tanacross, AK99776-6009",
Native Village of Tanana (IRA),Alaska,Federal,"PO Box 77130, Tanana, AK99777",
Native Village of Tatitlek (IRA),Alaska,Federal,"PO Box 171, Tatitlek, AK99677-0171",
Native Village of Tazlina,Alaska,Federal,"PO Box 87, Glennallen, AK99588-0087",http://www.tazlina.org
Native Village of Tetlin (IRA),Alaska,Federal,"PO Box 797, Tok, AK99780",
Native Village of Tuntutuliak,Alaska,Federal,"PO Box 8086 - Patluska Street,, Tuntutuliak, AK99680-0086",
Native Village of Tyonek (IRA),Alaska,Federal,"PO Box 82009, Tyonek, AK99682-0009",
Native Village of Unalakleet (IRA),Alaska,Federal,"PO Box 270, Unalakleet, AK99684-0270",
Native Village of Wales (IRA),Alaska,Federal,"PO Box 549, Wales, AK99783-0549",http://www.kawerak.org
Native Village of White Mountain (IRA),Alaska,Federal,"PO Box 84090, White Mountain, AK99784-0082",
Navajo Nation,Navajo Region,Federal,"PO Box 7440, Window Rock, AZ86515-7440",http://www.navajo-nsn.gov
Nenana Traditional Council,Alaska,Federal,"PO Box 369, Nenana, AK99760-0356",
New Koliganek Village Council,Alaska,Federal,"PO Box 5057, Koliganek, AK99576-5057",
New Stuyahok Village,Alaska,Federal,"PO Box 49, New Stuyahok, AK99636-0049",
Newhalen Village,Alaska,Federal,"PO Box 207, Newhalen, AK99606",
Newtok Traditional Council,Alaska,Federal,"PO Box 5545, Newtok, AK99559-5545",
Nez Perce Tribe,Northwest,Federal,"PO Box 305, Lapwai, ID83540-0305",http://www.nezperce.org
Ninilchik Traditional Council,Alaska,Federal,"PO Box 39070, Ninilchik, AK99639-0070",http://www.ninilchiktribe-nsn.gov
Nisqually Indian Tribe,Northwest,Federal,"4820 She-Nah-Num Drive, SE, Olympia, WA98513-9199",http://www.nisqually-nsn.gov/
Nome Eskimo Community,Alaska,Federal,"PO Box 1090, Nome, AK99762-1090",http://www.necalaska.org
Nondalton Village,Alaska,Federal,"PO Box 49, Nondalton, AK99640-0049",
Nooksack Indian Tribe,Northwest,Federal,"PO Box 157, Deming, WA98244-0157",http://www.nooksacktribe.org
Northern Arapaho Tribe,Rocky Mountain,Federal,"PO Box 396, Fort Washakie, WY82514-0396",http://www.northernarapaho.com
Northern Cheyenne Tribe,Rocky Mountain,Federal,"PO Box 128, Lame Deer, MT59043-0128",http://tribalnations.mt.gov/northerncheyenne
Northfork Rancheria,Pacific,Federal,"PO Box 929, North Fork, CA93643-0929",http://northforkrancheria-nsn.gov/home
Northway Village,Alaska,Federal,"PO Box 516, Northway, AK99764-0516",
Northwestern Band of the Shoshone Nation,Northwest,Federal,"707 North Main Street, Brigham City, UT84302-1449",http://www.nwbshoshone-nsn.gov
Nottawaseppi Huron Band of Potawatomi,Midwest,Federal,"2221 1 1/2 Mile Road, Fulton, MI49052-9602",http://www.nhbpi.com
Nottoway Indian Tribe of Virginia,Southeast,State,"PO Box 246, Capron, VA23829-0246",http://www.nottowayindians.org/
Nulato Village,Alaska,Federal,"PO Box 65049, Nulato, AK99765-0049",
Nunakauyarmiut Tribe,Alaska,Federal,"PO Box 37048, Toksook Bay, AK99637-7048",
Occaneechi Band of the Saponi Nation,Southeast,State,"PO Box 356, Mebane, NC27302",http://www.obsn.org/
Oglala Sioux Tribe,Great Plains,Federal,"PO Box 2070, Pine Ridge, SD57770-2070",http://oglalalakotanation.info/index.html
Ohkay Owingeh,Southwest,Federal,"PO Box 1099, Ohkay Owingeh, NM87566-1099",
Omaha Tribe of Nebraska,Great Plains,Federal,"PO Box 368, Macy, NE68039-0368",https://www.omahatribe.com/
Oneida Indian Nation,Northeast,Federal,"5218 Patrick Rd, Verona, NY13478-3012",http://www.oneidaindiannation.com/
Oneida Nation,Midwest,Federal,"PO Box 365, Oneida, WI54155-0365",http://www.oneidanation.org
Onondaga Indian Nation,Northeast,Federal,"4040 Route 11, Nedrow, NY",https://www.onondaganation.org/
Organized Village of Grayling (IRA) (aka Holikachuk),Alaska,Federal,"PO Box 49, Grayling, AK99590-0049",
Organized Village of Kake (IRA),Alaska,Federal,"PO Box 316, Kake, AK99830-0316",http://www.kakefirstnation.org
Organized Village of Kasaan (IRA),Alaska,Federal,"PO Box 26 - KXA, Kasaan, AK99950-0340",http://www.kasaan.org
Organized Village of Kwethluk (IRA),Alaska,Federal,"PO Box 130, Kwethluk, AK99621-0130",
Organized Village of Saxman (IRA),Alaska,Federal,"RR 2 Box 2-Saxman, Ketchikan, AK99901-9802",
Orutsararmiut Traditional Native Council,Alaska,Federal,"PO Box 927, Bethel, AK99559-0927",
Osage Nation,Eastern Oklahoma,Federal,"627 Grandview Ave, Pawhuska, OK74056-4201",https://www.osagenation-nsn.gov/
Oscarville Traditional Village,Alaska,Federal,"PO Box 6129, Napaskiak, AK99559-6129",
Otoe-Missouria Tribe of Indians,Southern Plains,Federal,"8151 Highway 177, Red Rock, OK74651-0348",http://www.omtribe.org/
Ottawa Tribe of Oklahoma,Eastern Oklahoma,Federal,"PO Box 110, Miami, OK74355-0110",http://www.ottawatribe.org
Paiute Indian Tribe of Utah,Western,Federal,"440 N Paiute Drive, Cedar City, UT84720",http://www.utahpaiutes.org
Paiute-Shoshone Tribe of the Fallon Reservation and Colony,Western,Federal,"565 Rio Vista Drive, Fallon, NV89406-6415",http://www.fpst.org
Pala Band of Mission Indians,Pacific,Federal,"35008 Pala Temecula Rd, Pala, CA92059-2419",http://www.palatribe.com
Pamunkey Indian Tribe,Northeast,Federal,"1054 Pocahontas Trail, King Williams, VA23086",http://www.pamunkey.org
Pascua Yaqui Tribe of Arizona,Western,Federal,"7474 S. Camino De Oeste, Tucson, AZ85757",http://www.pascuayaqui-nsn.gov
Paskenta Band of Nomlaki Indians,Pacific,Federal,"PO Box 709, Corning, CA96021",http://www.paskenta-nsn.gov
Passamaquoddy Tribe - Indian Township Reservation,Northeast,Federal,"PO Box 301, Princeton, ME04668-0301",https://www.passamaquoddy.com/
Passamaquoddy Tribe - Pleasant Point Reservation,Northeast,Federal,"9 Sakom Dr, Perry, ME04667-0343",http://www.wabanaki.com
Pauloff Harbor Village,Alaska,Federal,"PO Box 97, Sand Point, AK99661-0097",
Pauma/Yuima Band of Mission Indians,Pacific,Federal,"PO Box 369, Pauma Valley, CA92061-0369",http://www.paumatribe.com/
Pawnee Nation of Oklahoma,Southern Plains,Federal,"PO Box 470, Pawnee, OK74058-0470",http://www.pawneenation.org
Pechanga Band of Mission Indians,Pacific,Federal,"PO Box 1477, Temecula, CA92593-1477",http://www.pechanga-nsn.gov
Pedro Bay Village,Alaska,Federal,"PO Box 47020, Pedro Bay, AK99647-0020",http://www.pedrobay.com
Pee Dee Indian Tribe,Western,State,"445 Williams Street, McColl, SC29570",http://www.peedeetribe.org/home.html
Penobscot Indian Nation,Northeast,Federal,"12 Wabanaki Way, Indian Island, ME04468-1254",http://www.penobscotnation.org
Peoria Tribe of Oklahoma,Eastern Oklahoma,Federal,"118 S Eight Tribes Trail, Miami, OK74354",http://www.peoriatribe.com
Petersburg Indian Association (IRA),Alaska,Federal,"PO Box 1418, Petersburg, AK99833-1418",http://www.piatribal.org/
Picayune Rancheria of Chukchansi Indians,Pacific,Federal,"PO Box 2226, Oakhurst, CA93644",
Pilot Point Tribal Council,Alaska,Federal,"PO Box 449, Pilot Point, AK99649-0449",
Pilot Station Traditional Village,Alaska,Federal,"PO Box 5119, Pilot Station, AK99650-0119",
Pinoleville Pomo Nation,Pacific,Federal,"500 Pinoleville Rd Ste B, Ukiah, CA95482-7121",http://www.pinolevillepomonation.org/
Piqua Shawnee Tribe,Southeast,State,"34112 Wellford Circle, Birmingham, AL",http://www.piquashawnee.com
Pit River Tribe,Pacific,Federal,"3670 Park Avenue, Burney, CA96013-4128",http://www.pitrivertribe.org/
Platinum Traditional Village Council,Alaska,Federal,"PO Box 8, Platinum, AK99651-0008",
Poarch Band of Creek Indians,Southeast,Federal,"5811 Jack Springs Road, Atmore, AL36502-5025",http://www.poarchcreekindians.org
Pointe-Au-Chien Indian Tribe,Southeast,State,"PO Box 416, Montegut, LA70377-0416",http://pactribe.tripod.com
Pokagon Band of Potawatomi Indians,Midwest,Federal,"PO Box 180, Dowagiac, MI49047-9329",http://www.pokagon.com
Ponca Tribe of Nebraska,Great Plains,Federal,"PO Box 288, Niobrara, NE68760-0288",http://www.poncatribe-ne.org
Ponca Tribe of Oklahoma,Southern Plains,Federal,"20 White Eagle Drive, Ponca City, OK74601-8310",http://www.ponca.com
Port Gamble S'Klallam Tribe,Northwest,Federal,"31912 Little Boston Road, NE, Kingston, WA98346-9700",http://www.pgst.nsn.us
Port Graham Village Council,Alaska,Federal,"PO Box 5510, Port Graham, AK99603-5510",http://www.portgraham.org/
Portage Creek Village (aka Ohgenakale),Alaska,Federal,"1057 W. Fireweed Lane, Suite 220, Anchorage, AK99503",
Potter Valley Rancheria,Pacific,Federal,"2251 South State Street, Ukiah, CA95482-6723",http://www.pottervalleytribe.com
Prairie Band Potawatomi Nation,Southern Plains,Federal,"16281 Q Rd, Mayetta, KS66509-8970",http://www.pbpnation.org
Prairie Island Indian Community,Midwest,Federal,"5636 Sturgeon Lake Rd, Welch, MN55089-9635",http://www.prairieisland.org
Pueblo of Acoma,Southwest,Federal,"PO Box 309, Acoma, NM87034-0309",http://www.puebloofacoma.org
Pueblo of Cochiti,Southwest,Federal,"PO Box 70, Cochiti Pueblo, NM87072-0070",http://www.pueblodecochiti.org
Pueblo of Isleta,Southwest,Federal,"PO Box 1270, Isleta Pueblo, NM87022",http://www.isletapueblo.com
Pueblo of Jemez,Southwest,Federal,"PO Box 100, Jemez Pueblo, NM87024-0100",http://www.jemezpueblo.org
Pueblo of Laguna,Southwest,Federal,"PO Box 194, Laguna Pueblo, NM87026",http://www.lagunapueblo.org
Pueblo of Nambe,Southwest,Federal,"15A NP102 West, SANTA FE, NM87506-2731",http://www.nambepueblo.org
Pueblo of Picuris,Southwest,Federal,"PO Box 127, Penasco, NM87553-0127",
Pueblo of Pojoaque,Southwest,Federal,"79 Cities of Gold Road, Santa Fe, NM87506-0918",http://www.pojoaque.com
Pueblo of San Felipe,Southwest,Federal,"PO Box 4339, San Felipe Pueblo, NM87001",
Pueblo of San Ildefonso,Southwest,Federal,"02 Tunyo Po, Santa Fe, NM87506",
Pueblo of Sandia,Southwest,Federal,"481 Sandia Loop, Bernalillo, NM87004-7076",http://www.sandiapueblo.nsn.us
Pueblo of Santa Ana,Southwest,Federal,"2 Dove Road, Santa Ana Pueblo, NM87004-5906",
Pueblo of Santa Clara,Southwest,Federal,"PO Box 580, Espanola, NM87532-0580",
Pueblo of Santo Domingo,Southwest,Federal,"PO Box 99, Santo Domingo Pueblo, NM87052-0099",
Pueblo of Taos,Southwest,Federal,"PO Box 1846, Taos, NM87571-1846",http://www.taospueblo.com
Pueblo of Tesuque,Southwest,Federal,"RR 42 Box 360-T, Santa Fe, NM87506-2632",
Pueblo of Ysleta Del Sur,Southwest,Federal,"119 S Old Pueblo Road, Ysleta Del Sur Pueblo, TX79917-",http://www.ysletadelsurpueblo.org
Pueblo of Zia,Southwest,Federal,"135 Capitol Square Dr., Zia Pueblo, NM87053-6013",
Pueblo of Zuni,Southwest,Federal,"PO Box 339, Zuni, NM87327-0339",http://www.ashiwi.org
Puyallup Tribe of Indians,Northwest,Federal,"3009 East Portland Avenue, Tacoma, WA98404-4926",http://www.puyalluptribe.com
Pyramid Lake Paiute Tribe,Western,Federal,"PO Box 256, Nixon, NV89424-0256",http://www.plpt.nsn.us
Qagan Tayagungin Tribe of Sand Point Village,Alaska,Federal,"PO Box 447, Sand Point, AK99661-0447",http://www.qttribe.org
Qawalangin Tribe of Unalaska,Alaska,Federal,"PO Box 334, Unalaska, AK99685-0334",
Quapaw Tribe of Oklahoma,Eastern Oklahoma,Federal,"PO Box 765, Quapaw, OK74363-0765",http://www.quapawtribe.com
Quartz Valley Reservation,Pacific,Federal,"13601 Quartz Valley Rd, Fort Jones, CA96032-9714",http://www.qvir.com
Quechan Tribe of the Fort Yuma Indian Reservation,Western,Federal,"PO Box 1899, Yuma, AZ85366-2386",http://www.quechantribe.com
Quileute Tribe,Northwest,Federal,"PO Box 279, La Push, WA98350-0279",http://www.quileutenation.org
Quinault Indian Nation,Northwest,Federal,"PO Box 189, Taholah, WA98587-0189",http://www.quinaultindiannation.com
Ramapough Lenape Nation,Northeast,State,"189 Stag Hill Road, Nahwah, NJ07430",http://www.ramapoughlenapenation.org
Ramona Band of Cahuilla,Pacific,Federal,"56310 Highway 371, Suite B, Anza, CA92539",http:/ramona-nsn.gov
Rampart Village,Alaska,Federal,"PO Box 29, Rampart, AK99767",
Rappahannock Tribe,Southeast,Federal,"5036 Indian Neck Road, Indian Neck, VA23148",http://www.rappahannocktribe.org/
Red Cliff Band of Lake Superior Chippewa Indians,Midwest,Federal,"88385 Pike Road, Hwy 13, Bayfield, WI54814",http://www.redcliff-nsn.gov
Red Lake Band of Chippewa Indians,Midwest,Federal,"PO Box 550, Redlake, MN56671-0550",http://www.redlakenation.org
Redding Rancheria,Pacific,Federal,"2000 Redding Rancheria Road, Redding, CA96001-5528",http://www.redding-rancheria.com/
Redwood Valley Little River Band of Pomo Indians,Pacific,Federal,"3250 Road I, Redwood Valley, CA95470-9526",
Reno-Sparks Indian Colony,Western,Federal,"34 Reservation Road, Reno, NV89502-1230",http://www.rsic.org
Resighini Rancheria,Pacific,Federal,"PO Box 529, Klamath, CA95548-0529",http://www.resighinirancheria.com
Rincon Band of Mission Indians,Pacific,Federal,"1 West Tribal Road, Valley Center, CA92082-0068",http://www.rincontribe.org/
Robinson Rancheria,Pacific,Federal,"PO Box 4015, Nice, CA95464-4015",http://www.robinsonrancheria.org
Rosebud Sioux Tribe,Great Plains,Federal,"PO Box 430, Rosebud, SD57570-0430",http://www.rosebudsiouxtribe-nsn.gov
Round Valley Reservation,Pacific,Federal,"77826 Covelo Road, Covelo, CA95428-0448",http://www.rvit.org
Ruby Tribal Council,Alaska,Federal,"PO Box 210, Ruby, AK99768",
Sac & Fox Tribe of the Mississippi in Iowa,Midwest,Federal,"349 Meskwaki Road, Tama, IA52339-9634",http://www.meskwaki.org
Sac and Fox Nation of Missouri in Kansas and Nebraska,Southern Plains,Federal,"305 N Main St, Reserve, KS66434-8122",http://www.sacandfoxks.com/sacfox.nsf
Sac and Fox Nation of Oklahoma,Southern Plains,Federal,"920883 S Highway 99, Stroud, OK74079-5178",http://www.sacandfoxnation-nsn.gov
Saginaw Chippewa Indian Tribe,Midwest,Federal,"7500 Soaring Eagle Blvd, Mount Pleasant, MI48858",http://www.sagchip.org
Salt River Pima-Maricopa Indian Community,Western,Federal,"10005 E Osborn Road, Scottsdale, AZ85256-4019",http://www.srpmic-nsn.gov/
Samish Indian Tribe,Northwest,Federal,"PO Box 217, Anacortes, WA98221-0217",http://www.samishtribe.nsn.us
San Carlos Apache Tribe,Western,Federal,"PO Box 0, San Carlos, AZ",http://www.sancarlosapache.com
San Juan Southern Paiute Tribe,Western,Federal,"50 South Main Street, Suite 101, Tuba City, AZ86045",
San Manuel Band of Mission Indians,Pacific,Federal,"26569 Community Center Drive, Highland, CA92346",http://www.sanmanuel-nsn.gov
San Pasqual Band of Diegueno Indians,Pacific,Federal,"PO Box 365, Valley Center, CA92082-0365",http://www.sanpasqualbandofmissionindians.org/
Santa Rosa Band of Cahuilla Indians,Pacific,Federal,"PO Box 391820, Anza, CA92539",www.santarosacahuilla-nsn.gov
Santa Rosa Rancheria Tachi Yokut Tribe,Pacific,Federal,"PO Box 8, Lemoore, CA93245-0008",http://www.tachi-yokut-nsn.gov
Santa Ynez Band Of Chumash Tribe,Pacific,Federal,"PO Box 517, Santa Ynez, CA93460-0517",http://www.santaynezchumash.org
Santee Sioux Tribe,Great Plains,Federal,"108 Spirit Lake Ave W, Niobrara, NE68760-8605",http://www.santeedakota.org
Sauk-Suiattle Indian Tribe,Northwest,Federal,"5318 Chief Brown Lane, Darrington, WA98241-9420",http://www.sauk-suiattle.com
Sault Ste. Marie Tribe of Chippewa Indians,Midwest,Federal,"523 Ashmun Street, Sault Ste. Marie, MI49783",http://www.saulttribe.com
Scammon Bay Traditional Council,Alaska,Federal,"PO Box 110, Scammon Bay, AK99662-0110",
Schaghticoke Tribal Nation,Northeast,State,"101 Elizabeth Street 2nd Floor, Derby, CT06418-0335",http://www.schaghticoke.com
Scotts Valley Band of Pomo Indians,Pacific,Federal,"1005 Parallel Dr., Lakeport, CA95453",http://www.svpomo.org
Seaconke Wampanoag Tribe,Northeast,State,"807 Broad St, Providence , RI 02907",https://www.seaconkewampanoag.org/
Seldovia Village Tribe (IRA),Alaska,Federal,"Drawer L, Seldovia, AK99663-0250",http://www.svt.org
Seminole Indian Tribe of Florida,Southeast,Federal,"6300 Stirling Road, Hollywood, FL33024",http://www.seminoletribe.com
Seminole Nation of Oklahoma,Eastern Oklahoma,Federal,"PO Box 1498, Wewoka, OK74884-1498",http://www.sno-nsn.gov
Seneca Nation of Indians,Northeast,Federal,"12837 Route 438, Irving, NY14081",http://www.sni.org
Seneca-Cayuga Tribe of Oklahoma,Eastern Oklahoma,Federal,"23701 S 655 Road, Grove, OK74344-6317",http://www.sctribe.com
Shageluk Native Village (IRA),Alaska,Federal,"PO Box 109, Shageluk, AK99665",
Shakopee Mdewakanton Sioux Community,Midwest,Federal,"2330 Sioux Trl NW, Prior Lake, MN55372-9077",https://shakopeedakota.org/
Shawnee Tribe,Eastern Oklahoma,Federal,"PO Box 189, Miami, OK74355-0189",http://www.shawnee-tribe.com
Sherwood Valley Rancheria,Pacific,Federal,"190 Sherwood Hill Dr, Willits, CA95490-4666",https://www.sherwoodvalleybandofpomo.com/
Shingle Springs Rancheria,Pacific,Federal,"PO Box 1340, Shingle Springs, CA95682-1340",http://www.shinglespringsrancheria.com
Shinnecock Indian Nation,Northeast,Federal,"PO Box 5006, Southampton, NY11969-5006",
Shoalwater Bay Indian Tribe,Northwest,Federal,"PO Box 130, Tokeland, WA98590-0130",http://www.shoalwaterbay-nsn.gov
Shoshone-Bannock Tribes of the Fort Hall Reservation,Northwest,Federal,"PO Box 306, Fort Hall, ID83203-0306",http://www.shoshonebannocktribes.com
Shoshone-Paiute Tribes of the Duck Valley Indian Reservation,Western,Federal,"PO Box 219, Owyhee, NV89832-0219",http://www.shopaitribes.org
Sisseton-Wahpeton Oyate of the Lake Traverse Reservation,Great Plains,Federal,"PO Box 509, Agency Village, SD57262-0509",http://www.swo-nsn.gov
Sitka Tribe of Alaska (IRA),Alaska,Federal,"456 Katlian Street, Sitka, AK99835-7505",http://www.sitkatribe.org
Skagway Traditional Village,Alaska,Federal,"PO Box 1157, Skagway, AK99840-1157",http://www.skagwaytraditional.org/
Skokomish Indian Tribe,Northwest,Federal,"80 North Tribal Center Road, Shelton, , Skokomish Nation, WA98584-9748",http://www.skokomish.org
Skull Valley Band of Goshutes Indians,Western,Federal,"PO Box 448, Grantsville, UT84029-0448",
Smith River Rancheria,Pacific,Federal,"140 Rowdy Creek Rd, Smith River, CA95567-9446",http://www.tolowa-nsn.gov
Snoqualmie IndianTribe,Northwest,Federal,"PO Box 969, Snoqualmie, WA98065-0969",https://www.snoqualmietribe.us/
Soboba Band of Luiseno Indians,Pacific,Federal,"PO Box 487, San Jacinto, CA92581-0487",http://www.soboba-nsn.gov
Sokaogon Band of the Lake Superior Chippewa Indians,Midwest,Federal,"3051 Sand Lake Road, Crandon, WI54520-8815",http://www.sokaogonchippewa.com
South Fork Band Council (Te-Moak Tribe of Western Shoshone Indians of Nevada),Western,Federal,"21 Lee B-13, Spring Creek, NV89815-9784",
"Southeastern Mvskoke Nation, Inc., formerly Star Clan of Muscogee Creeks",Southeast,State,"208 Dale Cr., Midland City, AL36350",
Southern Ute Indian Tribe,Southwest,Federal,"PO Box 737, Ignacio, CO81137-0737",https://www.southernute-nsn.gov/
Spirit Lake Tribe,Great Plains,Federal,"PO Box 359, Fort Totten, ND58335-0359",http://www.spiritlakenation.com
Spokane Tribe,Northwest,Federal,"PO Box 100, Wellpinit, WA99040-0100",http://www.spokanetribe.com
Squaxin Island Tribe,Northwest,Federal,"10 SE Squaxin Lane, Shelton, WA98584-9200",http://www.squaxinisland.org
St. Croix Chippewa Indians,Midwest,Federal,"24663 Angeline Ave, Webster, WI54893-9246",http://www.stcciw.com
St. George Traditional Council,Alaska,Federal,"PO Box 940, Saint George Island, AK99591-0940",
St. Regis Mohawk Tribe,Northeast,Federal,"71 Margaret Terrance Memorial Way, Akwesasne, NY13655-3109",http://www.srmt-nsn.gov/
Standing Rock Sioux Tribe,Great Plains,Federal,"PO Box D, Fort Yates, ND58538-0522",http://www.standingrock.org
Stebbins Community Association (IRA),Alaska,Federal,"PO Box 71002, Stebbins, AK99671-0002",
Stewart Community Council (Washoe Tribe of Nevada & California),Pacific,Federal,"919 Highway 395 South, Gardnerville, NV89410",
Stewarts Point Rancheria,Pacific,Federal,"1420 Guerneville Rd Suite 1, Santa Rosa, CA95403-2039",
Stillaguamish Tribe,Northwest,Federal,"PO Box 277, Arlington, WA98223-0277",http://www.stillaguamish.nsn.us
Stockbridge-Munsee Community,Midwest,Federal,"PO Box 70, Bowler, WI54416-0070",http://www.mohican-nsn.gov
Summit Lake Paiute Tribe of Nevada,Western,Federal,"1001 Rock Blvd, Sparks, NV89431-4337",http://www.summitlaketribe.org
Sun'aq Tribe of Kodiak,Alaska,Federal,"312 West Marine Way, Kodiak, AK99615",http://www.sunaq.org
Suquamish Indian Tribe,Northwest,Federal,"PO Box 498, Suquamish, WA98392-0498",http://www.suquamish.nsn.us
Susanville Indian Rancheria,Pacific,Federal,"745 Joaquin St, Susanville, CA96130-3628",http://www.sir-nsn.gov
Swinomish Indian Tribe,Northwest,Federal,"11404 Moorage Way, La Conner, WA98257-0817",http://www.swinomish.org
Sycuan Band of the Kumeyaay Nation,Pacific,Federal,"1 Kwaaypaay Court, El Cajon, CA92019-1821",https://sycuantribe.com/
Table Mountain Rancheria,Pacific,Federal,"PO Box 410, Friant, CA93626-0410",
Takotna Village,Alaska,Federal,"PO Box TYC, Takotna, AK99675",
Tangirnaq Native Village  aka Woody Island Tribal Council,Alaska,Federal,"3449 E. Rezanof Drive, Kodiak, AK99615",http://www.woodyisland.com
Te-Moak of Western Shoshone Tribes of Nevada,Western,Federal,"525 Sunset Street, Elko, NV89801-2539",http://www.temoaktribe.com
Tejon Indian Tribe,Pacific,Federal,"1731 Hasti Acres Drive, Suite 108, Bakersfield, CA93309",
Telida Native Village Council,Alaska,Federal,"PO Box 9104, Nikolai, AK99691-0004",
Teller Traditional Council,Alaska,Federal,"PO Box 567, Teller, AK99778-0567",
The Eastern Chickahominy,Southeast,"3120 Mount Pleasant Road, Providence Forge, VA23140",,Thlopthlocco Tribal Town
Eastern Oklahoma,Federal,"PO Box 188, Okemah, OK74859-0188",http://tttown.org/,"Three Affiliated Tribes of Mandan, Hidatsa & Arikara Nation"
Great Plains,Federal,"404 Frontage Road, New Town, ND58763-9404",http://www.mhanation.com/,Timbisha Shoshone Tribe
Pacific,Federal,"PO Box 1779, Bishop, CA93515-1779",http://timbisha.com/,Tohono O'odham Nation
Western,Federal,"PO Box 837, Sells, AZ85634-0837",http://www.tonation-nsn.gov,Tonawanda Band of Seneca
Northeast,Federal,"7027 Meadville Rd, Basom, NY14013-9749",,Tonkawa Tribe of Oklahoma
Southern Plains,Federal,"1 Rush Buffalo Road, Tonkawa, OK74653-4449",http://www.tonkawatribe.com,Tonto Apache Tribe
Western,Federal,"30 Tonto Apache Reservation, #30, Payson, AZ85541-5556",,Torres-Martinez Desert Cahuilla Indians
Pacific,Federal,"PO Box 1160, Thermal, CA92274-1160",http://www.torresmartinez.org,Traditional Village of Togiak
Alaska,Federal,"PO Box 310, Togiak, AK99678-0310",,Tsalagiyi Nvdagi Tribe
Southern Plains,State,"4212 Kendall Lane, Waco, TX76705",https://texascherokees.net/,Tulalip Tribes
Northwest,Federal,"6406 Marine Drive, Tulalip, WA98271-9775",http://www.tulaliptribes-nsn.gov,Tule River Indian Reservation
Pacific,Federal,"PO Box 589, Porterville, CA93258-0589",http://www.tulerivertribe-nsn.gov,Tuluksak Native Community (IRA)
Alaska,Federal,"PO Box 95, Tuluksak, AK99679-0095",,Tunica-Biloxi Tribe of Louisiana
Southeast,Federal,"PO Box 1589, Marksville, LA71351-1589",http://www.tunicabiloxi.org,Tununak Council (IRA)
Alaska,Federal,"PO Box 77, Tununak, AK99681-0077",,Tuolumne Me-Wuk Tribe
Pacific,Federal,"PO Box 699, Tuolumne, CA95379-0699",http://www.mewuk.com,Turtle Mountain Band of Chippewa Indians
Great Plains,Federal,"PO Box 900, Belcourt, ND58316-0900",https://tmchippewa.com/,Tuscarora Nation
Northeast,Federal,"2006 Mt Hope Road, Via: Lewistown, NY",,Twenty-Nine Palms Band of Mission Indians
Pacific,Federal,"46200 Harrison Place, Coachella, CA92236-2031",,Twin Hills Village Council
Alaska,Federal,"PO Box 4061, Twin Hills, AK99576-8996",,Ugashik Traditional Village Council
Alaska,Federal,"2525 Bluebery Road, Suite 205, Anchorage, AK99503-2733",http://www.ugashikvillage.com,Umkumiut Native Village
Alaska,Federal,"PO Box 90062, Nightmute, AK99690-0062",,Unga Tribal Council
Alaska,Federal,"PO Box 508, Sand Point, AK99661-0508",
United Auburn Indian Community,Pacific,Federal,"10720 Indian Hill Rd, Auburn, CA95603-9403",http://www.auburnrancheria.com
United Cherokee Ani-Yun-Wiya Nation,Southeast,State,"PO Box 754, Guntersville, AL35976-9347",http://www.ucan-online.org
United Houma Nation,Southeast,State,"20986 Highway 1, Golden Meadow, LA70357-5208",http://www.unitedhoumanation.org
United Keetoowah Band of Cherokee Indians,Eastern Oklahoma,Federal,"PO Box 746, Tahlequah, OK74465-0746",https://www.ukb-nsn.gov/
Unkechaug Indian Nation,Northeast,State,"207 Poospatuck Ln, Mastic, NY11950-5201",
Upper Mattaponi Tribe,Southeast,Federal,"5932 East River Road, King William, VA23086",http://www.uppermattaponi.org
Upper Sioux Community,Midwest,Federal,"PO Box 147, Granite Falls, MN56241-0147",http://www.uppersiouxcommunity-nsn.gov
Upper Skagit Indian Tribe,Northwest,Federal,"25944 Community Plaza Way, Sedro Woolley, WA98284-9721",
Ute Indian Tribe - Uintah & Ouray,Western,Federal,"PO Box 190, Ft. Duchesne, UT84026",http://www.utetribe.com
Ute Mountain Ute Tribe,Southwest,Federal,"PO Box 189, Towaoc, CO81334-0188",
Venetie Village Council,Alaska,Federal,"PO Box 81119, Venetie, AK99781-0119",
Viejas Band of Kumeyaay Indians,Pacific,Federal,"1 Viejas Grade Road, Alpine, CA91901-1605",http://viejasbandofkumeyaay.org/
Village of Alakanuk,Alaska,Federal,"PO Box 149, Alakanuk, AK99554-0149",
Village of Anaktuvuk Pass,Alaska,Federal,"PO Box 21157, Anaktuvuk Pass, AK99721-0065",
Village of Bill Moore's Slough,Alaska,Federal,"PO Box 20288, Kotlik, AK99620-0288",
Village of Chefornak,Alaska,Federal,"PO Box 110, Chefornak, AK99561-0110",
Village of Clarks Point,Alaska,Federal,"PO Box 90, Clarks Point, AK99569-0090",
Village of Dot Lake,Alaska,Federal,"PO Box 70494, Fairbanks, AK99701",
Village of Iliamna,Alaska,Federal,"PO Box 286, Iliamna, AK99606-0286",
Village of Kalskag,Alaska,Federal,"PO Box 50, Kalskag, AK99607-0050",
Village of Kotlik,Alaska,Federal,"PO Box 20210, Kotlik, AK99620-0210",
Village of Lower Kalskag,Alaska,Federal,"PO Box 27, Lower Kalskag, AK99626-0027",
Village of Ohogamiut,Alaska,Federal,"PO Box 49, Marshall, AK99585-0049",
Village of Old Harbor,Alaska,Federal,"PO Box 62, Old Harbor, AK99643-0062",http://www.oldharbortribal.org
Village of Red Devil,Alaska,Federal,"PO Box 61, Red Devil, AK99656-0061",
Village of Salamatoff,Alaska,Federal,"PO Box 2682, Kenai, AK99611-2682",
Village of Sleetmute,Alaska,Federal,"PO Box 109, Sleetmute, AK99668-0109",
Village of Solomon,Alaska,Federal,"PO Box 2053, Nome, AK99762-2053",
Village of Stony River,Alaska,Federal,"PO Box SRV Birch Road, Stony River, AK99557-8998",
Village of Wainwright,Alaska,Federal,"PO Box 143, Wainwright, AK99782",
Waccamaw Siouan Tribe,Southeast,State,"PO Box 69, Bolton, NC28423-0069",http://www.waccamaw-siouan.com
Walker River Paiute Tribe,Western,Federal,"PO Box 220, Schurz, NV89427-0220",http://www.wrpt.us
Wampanoag Tribe of Gay Head (Aquinnah),Northeast,Federal,"20 Black Brook Rd, Aquinnah, MA02535-1546",http://www.wampanoagtribe.net
Washoe Tribes of Nevada and California,Western,Federal,"919 US Highway 395 South, Gardnerville, NV89410-8968",http://www.washoetribe.us
Wells Indian Colony Band Council,Western,Federal,"PO Box 809, Wells, NV89835-0809",
White Earth Reservation Business Committee,Midwest,Federal,"PO Box 418, White Earth, MN56591-0418",http://www.whiteearth.com
White Mountain Apache Tribe,Western,Federal,"PO Box 700, Whiteriver, AZ85941-0700",http://www.wmat.nsn.us
Wichita and Affiliated Tribes,Southern Plains,Federal,"PO Box 729, Anadarko, OK73005-0729",http://www.wichitatribe.com
Wilton Rancheria,Pacific,Federal,"9300 Wesf Stockton Boulevard, Suite 200, Elk Grove, CA95758",
Winnebago Tribe of Nebraska,Great Plains,Federal,"PO Box 687, Winnebago, NE68071-0687",http://www.winnebagotribe.com
Winnemucca Indian Colony Council,Western,Federal,"595 Humbolt Street, Reno, NV89509",
Wiyot Tribe,Pacific,Federal,"1000 Wiyot Dr, Loleta, CA95551-9640",http://www.wiyot.com
Woodfords Community Council,Western,Federal,"919 Hwy, 395 South, Gardnerville, NV89410",
Wrangell Cooperative Association (IRA),Alaska,Federal,"PO Box 2331, Wrangell, AK99929-2021",http://www.wrangell.com
Wyandotte Nation,Eastern Oklahoma,Federal,"64700 E Highway 60, Wyandotte, OK74370-2098",http://www.wyandotte-nation.org
Yakutat Tlingit Tribe,Alaska,Federal,"PO Box 418, Yakutat, AK99689-0418",http://www.ytttribe.org
Yankton Sioux Tribe,Great Plains,Federal,"PO Box 1153, Wagner, SD57380-1153",https://www.yanktonsiouxtribe.net/
Yavapai-Apache Nation,Western,Federal,"2400 W Datsi, Camp Verde, AZ86322-8412",http://www.yavapai-apache.org
Yavapai-Prescott Indian Tribe,Western,Federal,"530 E Merritt, Prescott, AZ86301-2038",
Yerington Paiute Tribe,Western,Federal,"171 Campbell Lane, Yerington, NV89447-9731",
Yocha Dene Wintun Nation,Pacific,Federal,"PO Box 18, Brooks, CA95606-0018",http://www.yochadehe.org
Yomba Shoshone Tribe,Western,Federal,"HC 61 Box 6275, Austin, NV89310-9302",http://www.yombatribe.org
Yupiit of Andreafski,Alaska,Federal,"PO Box 88, St. Mary's, AK99658-0088",
Yurok Tribe,Pacific,Federal,"PO Box 1027, Klamath, CA95548-1027",http://www.yuroktribe.org
